<?xml version="1.0" encoding="UTF-8"?>
<configuration>
    <property>
        <name>trackTopic</name>
        <value>mstar_tiza_trackdata</value>
        <description>MSTAR轨迹表</description>
    </property>
    <property>
        <name>initSql</name>
        <value>mstar_tiza/sql.xml</value>
        <description>初始化SQL</description>
    </property>
    <property>
        <name>business.database.driver</name>
        <value>oracle.jdbc.driver.OracleDriver</value>
    </property>
    <property>
        <name>business.database.url</name>
        <value>jdbc:oracle:thin:@192.168.1.156:1521/xgsid.xg156.com</value>
    </property>
    <property>
        <name>business.database.username</name>
        <value>MSTAR</value>
    </property>
    <property>
        <name>business.database.password</name>
        <value>MSTAR</value>
    </property>
    <property>
        <name>business.database.pool.max.connections</name>
        <value>5</value>
    </property>
    <property>
        <name>business.database.pool.initial.connections</name>
        <value>2</value>
    </property>
    <property>
        <name>business.database.pool.incremental</name>
        <value>1</value>
    </property>
    <property>
        <name>map.service.ip</name>
        <value>192.168.1.153</value>
    </property>
    <property>
        <name>map.service.port</name>
        <value>9999</value>
    </property>
</configuration>