<?xml version="1.0" encoding="UTF-8"?>
<configuration>
	<property>
		<name>business.database.driver</name>
		<value>oracle.jdbc.driver.OracleDriver</value>
	</property>
	<property>
		<name>business.database.url</name>
		<value>jdbc:oracle:thin:@10.3.12.41:1521/ortz</value>
	</property>
	<property>
		<name>business.database.username</name>
		<value>CSTAR</value>
	</property>
	<property>
		<name>business.database.password</name>
		<value>CSTAR</value>
	</property>
	<property>
		<name>business.database.pool.max.connections</name>
		<value>5</value>
	</property>
	<property>
		<name>business.database.pool.initial.connections</name>
		<value>2</value>
	</property>
	<property>
		<name>business.database.pool.incremental</name>
		<value>1</value>
	</property>
</configuration>